ADHD Medications	Addys
ADHD Medications	Black Beauties
ADHD Medications	Dexies
ADHD Medications	Pep Pills
ADHD Medications	Smart Drug
ADHD Medications	Vitamin A
ADHD Medications	Zing
ADHD Medications	Coke Jr.
ADHD Medications	Crackers (Ritalin and Talwin)
ADHD Medications	Diet Coke
ADHD Medications	Jif
ADHD Medications	Kibbles and Bits
ADHD Medications	Kiddie Cocaine
ADHD Medications	Kiddie Coke
ADHD Medications	One and Ones (Ritalin and Talwin)
ADHD Medications	Pineapple
ADHD Medications	Poor Man’s Heroin (Ritalin and Talwin)
ADHD Medications	R-Ball
ADHD Medications	R-Pop
ADHD Medications	Ritz and Ts (Ritalin and Talwin)
ADHD Medications	Silver Bullet
ADHD Medications	Skippy
ADHD Medications	Skittles
ADHD Medications	Smarties
ADHD Medications	Speedball (Ritalin and Cocaine)
ADHD Medications	Study Buddies
ADHD Medications	Speedball (Ritalin and Heroin)
ADHD Medications	Ts and Rits (Ritalin and Talwin)
ADHD Medications	Vitamin R
ADHD Medications	West Coast
Amphetamine	Amp
Amphetamine	Amphets
Amphetamine	Back Dex
Amphetamine	Bam
Amphetamine	Bambita
Amphetamine	Beans
Amphetamine	Bennies
Amphetamine	Bens
Amphetamine	Benz
Amphetamine	Benzedrine
Amphetamine	Billy
Amphetamine	Black and Whites
Amphetamine	Black Beauties
Amphetamine	Blackbirds
Amphetamine	Black Bombers
Amphetamine	Black Cadillacs
Amphetamine	Black Mollies
Amphetamine	Blue Boy
Amphetamine	Blue Mollies
Amphetamine	Bolt
Amphetamine	Bombido (Injectable)
Amphetamine	Bombita (Amphetamine and Heroin)
Amphetamine	Brain Pills
Amphetamine	Brain Ticklers
Amphetamine	Brownies
Amphetamine	Browns
Amphetamine	Bumblebees
Amphetamine	Candy
Amphetamine	Cartwheels
Amphetamine	Chalk
Amphetamine	Chicken Powder
Amphetamine	Chocolate
Amphetamine	Christina
Amphetamine	Christmas Tree
Amphetamine	Coast to Coasts
Amphetamine	Co-Pilots
Amphetamine	Crank
Amphetamine	Criss-Cross
Amphetamine	Cross Tops
Amphetamine	Crossroads
Amphetamine	Crystal
Amphetamine	Crystal Methadrine
Amphetamine	Debs
Amphetamine	Desoxyn
Amphetamine	Dex
Amphetamine	Dexedrine
Amphetamine	Dexies
Amphetamine	Diamonds
Amphetamine	Diet Pills
Amphetamine	Dolls5
Amphetamine	Dominos
Amphetamine	Double Cross
Amphetamine	Drivers
Amphetamine	Eye Openers
Amphetamine	Fast
Amphetamine	Fastin
Amphetamine	Fives
Amphetamine	Flatliners (4-Methylthioamphetamine)
Amphetamine	Footballs
Amphetamine	Forwards
Amphetamine	French Blue
Amphetamine	Glass
Amphetamine	Go Fast
Amphetamine	Golden Eagle (4-Methylthioamphetamine)
Amphetamine	Greenies
Amphetamine	Head Drugs
Amphetamine	Hearts
Amphetamine	Horse Heads
Amphetamine	Hydro
Amphetamine	Iboga
Amphetamine	In-Betweens
Amphetamine	Jackson
Amphetamine	Jam
Amphetamine	Jam Cecil
Amphetamine	Jelly Baby
Amphetamine	Jelly Bean
Amphetamine	Jolly Bean
Amphetamine	Jugs
Amphetamine	Khat
Amphetamine	L.A.
Amphetamine	Leapers
Amphetamine	Lid Poppers
Amphetamine	Little Bomb
Amphetamine	Lou Reed
Amphetamine	Marathons
Amphetamine	Max (Amphetamines and GHB)
Amphetamine	Methedrine
Amphetamine	Mini Beans
Amphetamine	Minibennie
Amphetamine	Monoamine Oxidase
Amphetamine	Morning Shot
Amphetamine	Nineteen
Amphetamine	Nugget
Amphetamine	Oranges
Amphetamine	Peaches
Amphetamine	Pep Pills
Amphetamine	Phet
Amphetamine	Pink Hearts
Amphetamine	Pixie
Amphetamine	Pollutants
Amphetamine	Purple Hearts
Amphetamine	Rhythm
Amphetamine	Rippers
Amphetamine	Road Dope
Amphetamine	Robin’s Egg
Amphetamine	Rosa
Amphetamine	Roses
Amphetamine	Rx Diet Pills
Amphetamine	Slammin’
Amphetamine	Snap
Amphetamine	Snow
Amphetamine	Snow Pallets
Amphetamine	Snow Seal (Amphetamines and Cocaine)
Amphetamine	Sparkle Plenty
Amphetamine	Sparklers
Amphetamine	Speed
Amphetamine	Speedies (Amphetamines and MDMA)
Amphetamine	Spivias
Amphetamine	Splash
Amphetamine	Splivins
Amphetamine	Star
Amphetamine	Strawberry Shortcake
Amphetamine	Sweets
Amphetamine	Tens
Amphetamine	Thrusters
Amphetamine	TR-6s
Amphetamine	Truck Drivers
Amphetamine	Turkey
Amphetamine	Turnabout
Amphetamine	U.S.P.
Amphetamine	Ups
Amphetamine	Uppers
Amphetamine	Uppies
Amphetamine	Vitamin A
Amphetamine	Wake-Ups
Amphetamine	Wash
Amphetamine	West Coast Turnarounds
Amphetamine	Whiffle Dust
Amphetamine	White
Amphetamine	White Cross
Amphetamine	Whizz
Amphetamine	X
Amphetamine	Zesty
Barbiturates and Benzodiazepines	
Barbiturates and Benzodiazepines	Nembutal
Barbiturates and Benzodiazepines	Luminal
Barbiturates and Benzodiazepines	Seconal
Barbiturates and Benzodiazepines	Pentobarbital
Barbiturates and Benzodiazepines	Secobarbital
Barbiturates and Benzodiazepines	Xanax
Barbiturates and Benzodiazepines	Klonopin
Barbiturates and Benzodiazepines	Valium
Barbiturates and Benzodiazepines	Ativan
Barbiturates and Benzodiazepines	Alprazolam
Barbiturates and Benzodiazepines	Clonazepam
Barbiturates and Benzodiazepines	Diazepam
Barbiturates and Benzodiazepines	Lorazepam
Barbiturates and Benzodiazepines	714s
Barbiturates and Benzodiazepines	B-Bombs
Barbiturates and Benzodiazepines	Bank Bandit Pills
Barbiturates and Benzodiazepines	Barbies
Barbiturates and Benzodiazepines	Barbs
Barbiturates and Benzodiazepines	Bars
Barbiturates and Benzodiazepines	Beans
Barbiturates and Benzodiazepines	Bennies
Barbiturates and Benzodiazepines	Blockbusters
Barbiturates and Benzodiazepines	Blue Angels
Barbiturates and Benzodiazepines	Blues
Barbiturates and Benzodiazepines	Bluebirds
Barbiturates and Benzodiazepines	Blue Bullets
Barbiturates and Benzodiazepines	Blue Clouds
Barbiturates and Benzodiazepines	Blue Devil
Barbiturates and Benzodiazepines	Blue Dolls
Barbiturates and Benzodiazepines	Blue Heavens
Barbiturates and Benzodiazepines	Blue Tips
Barbiturates and Benzodiazepines	Blue Vs
Barbiturates and Benzodiazepines	Bombido
Barbiturates and Benzodiazepines	Bombita
Barbiturates and Benzodiazepines	Busters
Barbiturates and Benzodiazepines	Butisol
Barbiturates and Benzodiazepines	Candy
Barbiturates and Benzodiazepines	Chorals
Barbiturates and Benzodiazepines	Christmas Rolls
Barbiturates and Benzodiazepines	Christmas Tree
Barbiturates and Benzodiazepines	Control
Barbiturates and Benzodiazepines	Coral
Barbiturates and Benzodiazepines	Courage Pills
Barbiturates and Benzodiazepines	Dead Flower Power
Barbiturates and Benzodiazepines	Disco Biscuits
Barbiturates and Benzodiazepines	Dolls
Barbiturates and Benzodiazepines	Double Trouble
Barbiturates and Benzodiazepines	Downers
Barbiturates and Benzodiazepines	Downie
Barbiturates and Benzodiazepines	Drowsy High
Barbiturates and Benzodiazepines	Drunk Pills
Barbiturates and Benzodiazepines	Emotion
Barbiturates and Benzodiazepines	Five-Way (Flunitrazepam, Cocaine, Heroin, Methamphetamine, and Alcohol)
Barbiturates and Benzodiazepines	Foo Foo
Barbiturates and Benzodiazepines	G.B.
Barbiturates and Benzodiazepines	Golf Balls
Barbiturates and Benzodiazepines	Goofballs
Barbiturates and Benzodiazepines	Goofers
Barbiturates and Benzodiazepines	Gorilla Pills
Barbiturates and Benzodiazepines	Green Dragons
Barbiturates and Benzodiazepines	Green Frog
Barbiturates and Benzodiazepines	Heavenly Blues
Barbiturates and Benzodiazepines	Idiot Pills
Barbiturates and Benzodiazepines	In-Betweens
Barbiturates and Benzodiazepines	Joy Juice
Barbiturates and Benzodiazepines	Karachi (Phenobarbital, Methaqualone, and Heroin)
Barbiturates and Benzodiazepines	Kiddie Dope
Barbiturates and Benzodiazepines	King Kong Pills
Barbiturates and Benzodiazepines	Kpin (Klonopin/Clonazepam)
Barbiturates and Benzodiazepines	Lay Back
Barbiturates and Benzodiazepines	Lib
Barbiturates and Benzodiazepines	Love Drug
Barbiturates and Benzodiazepines	Ludes
Barbiturates and Benzodiazepines	Luds
Barbiturates and Benzodiazepines	Luminal
Barbiturates and Benzodiazepines	M & M
Barbiturates and Benzodiazepines	Marshmallow Reds
Barbiturates and Benzodiazepines	Mexican Reds
Barbiturates and Benzodiazepines	Mickey Finn
Barbiturates and Benzodiazepines	Mickies
Barbiturates and Benzodiazepines	Mighty Joe Young
Barbiturates and Benzodiazepines	Mother’s Little Helper
Barbiturates and Benzodiazepines	Nebbies
Barbiturates and Benzodiazepines	Nemmies
Barbiturates and Benzodiazepines	Nerve Pills
Barbiturates and Benzodiazepines	Nimbies
Barbiturates and Benzodiazepines	No Worries
Barbiturates and Benzodiazepines	Old Joes
Barbiturates and Benzodiazepines	Peanut
Barbiturates and Benzodiazepines	Peter
Barbiturates and Benzodiazepines	Peth
Barbiturates and Benzodiazepines	Phennies
Barbiturates and Benzodiazepines	Phenos
Barbiturates and Benzodiazepines	Pink Ladies
Barbiturates and Benzodiazepines	Planks (Xanax/Alprazolam)
Barbiturates and Benzodiazepines	Purple Hearts
Barbiturates and Benzodiazepines	Q
Barbiturates and Benzodiazepines	Quads
Barbiturates and Benzodiazepines	Quas
Barbiturates and Benzodiazepines	R2
Barbiturates and Benzodiazepines	Rainbows
Barbiturates and Benzodiazepines	Red and Blue
Barbiturates and Benzodiazepines	Red Bullets
Barbiturates and Benzodiazepines	Red Devils
Barbiturates and Benzodiazepines	Reds
Barbiturates and Benzodiazepines	Roofies
Barbiturates and Benzodiazepines	Roches
Barbiturates and Benzodiazepines	Seggy
Barbiturates and Benzodiazepines	Sleep Aways
Barbiturates and Benzodiazepines	Sleeper and Red Devil (A Depressant and Heroin)
Barbiturates and Benzodiazepines	Sleepers
Barbiturates and Benzodiazepines	Softball
Barbiturates and Benzodiazepines	Sporos
Barbiturates and Benzodiazepines	Stoppers
Barbiturates and Benzodiazepines	Strawberries
Barbiturates and Benzodiazepines	Stumbler
Barbiturates and Benzodiazepines	Stupify
Barbiturates and Benzodiazepines	Tooties
Barbiturates and Benzodiazepines	Tuie
Barbiturates and Benzodiazepines	Tranks
Barbiturates and Benzodiazepines	Tranqs
Barbiturates and Benzodiazepines	Uncle Milty
Barbiturates and Benzodiazepines	Ups and Downs
Barbiturates and Benzodiazepines	V (Valium/Diazepam)
Barbiturates and Benzodiazepines	Wallbangers
Barbiturates and Benzodiazepines	Xs (Xanax/Alprazolam)
Barbiturates and Benzodiazepines	Yellow
Barbiturates and Benzodiazepines	Yellow Bullets
Barbiturates and Benzodiazepines	Yellowjackets
Barbiturates and Benzodiazepines	Zs
Barbiturates and Benzodiazepines	Zannies (Xanax/Alprazolam)
Cocaine	8-Ball (Crack and Heroin)
Cocaine	51 (Crack sprinkled on Tobacco)
Cocaine	All-American Drug
Cocaine	Angie
Cocaine	Apple Jacks
Cocaine	Aspirin
Cocaine	Aunt
Cocaine	Aunt Nora
Cocaine	Baby
Cocaine	Baby T
Cocaine	Bad
Cocaine	Ball
Cocaine	Basa
Cocaine	Base
Cocaine	Baseball
Cocaine	Basuco
Cocaine	Batman (Cocaine and Heroin)
Cocaine	Bazooka (Crack and Marijuana)
Cocaine	Bazulco
Cocaine	Beam
Cocaine	Beam Me Up Scottie (Cocaine and PCP)
Cocaine	Beamers
Cocaine	Beans
Cocaine	Beat
Cocaine	Beautiful Boulders
Cocaine	Bebe
Cocaine	Beemers
Cocaine	Belushi (Cocaine and Heroin)
Cocaine	Bernice
Cocaine	Bernie
Cocaine	Bernie’s Flakes
Cocaine	Bernie’s Gold Dust
Cocaine	Big Bloke
Cocaine	Big C
Cocaine	Big Flake
Cocaine	Big Rush
Cocaine	Bill Blass
Cocaine	Billie Hoke
Cocaine	Bings
Cocaine	Birdie Powder
Cocaine	BJs
Cocaine	Black Rock
Cocaine	Blanca
Cocaine	Blast
Cocaine	Blotter
Cocaine	Blow
Cocaine	Blowout
Cocaine	Blue
Cocaine	Bobo
Cocaine	Bollo
Cocaine	Bolo
Cocaine	Bone
Cocaine	Bonecrusher
Cocaine	Boost
Cocaine	Bopper
Cocaine	Botray
Cocaine	Boubou
Cocaine	Boulder
Cocaine	Boulya
Cocaine	Bouncing Powder
Cocaine	Boy
Cocaine	Boy-Girl (Cocaine and Heroin)
Cocaine	Brick
Cocaine	Bubble Gum
Cocaine	Bugle
Cocaine	Bullia Capital
Cocaine	Bullion
Cocaine	Bump
Cocaine	Bump Up (Cocaine and MDMA)
Cocaine	Bunk
Cocaine	Burese
Cocaine	Bush
Cocaine	Butler
Cocaine	Butter
Cocaine	C & M (Cocaine and Morphine)
Cocaine	C-Dust
Cocaine	C-Game
Cocaine	Cadillac
Cocaine	Caine
Cocaine	Cakes
Cocaine	California Cornflakes
Cocaine	Came
Cocaine	Candy
Cocaine	Candy C
Cocaine	Candy Flipping on a String—Cocaine, LSD, and MDMA
Cocaine	Candy Sugar
Cocaine	Caps
Cocaine	Capsula
Cocaine	Carnie
Cocaine	Carrie
Cocaine	Carrie Nation
Cocaine	Casper
Cocaine	Casper the Ghost
Cocaine	Caviar (Cocaine and Marijuana)
Cocaine	Ccane
Cocaine	CDS
Cocaine	Cecil
Cocaine	Chalk
Cocaine	Champagne (Cocaine and Marijuana)
Cocaine	Chang
Cocaine	Charlie
Cocaine	Chasing the Dragon (Crack and Heroin)
Cocaine	Cheap Basing
Cocaine	Chemical
Cocaine	Chewies
Cocaine	Ching
Cocaine	Chippy
Cocaine	Chocolate Ecstasy (Crack with Chocolate Milk)
Cocaine	Chocolate Rock (Crack and Heroin)
Cocaine	Choe
Cocaine	Cholly
Cocaine	Chowder
Cocaine	Chronic (Crack and Marijuana)
Cocaine	Cigamos (Crack and Tobacco)
Cocaine	Clicker (PCP and Crack)
Cocaine	Climax
Cocaine	Cloud
Cocaine	Cloud 9
Cocaine	Coca
Cocaine	Coco Rocks (Crack made with chocolate pudding)
Cocaine	Coco Snow (Crack cut with Benzocaine)
Cocaine	Cocoa Puffs (Cocaine and Marijuana)
Cocaine	Cocktail (Crack and Marijuana)
Cocaine	Coconut
Cocaine	Coke
Cocaine	Cola
Cocaine	Combol
Cocaine	Conie
Cocaine	Cookies
Cocaine	Coolie (Cocaine-laced tobacco cigarette)
Cocaine	Corrine
Cocaine	Cory
Cocaine	Cotton Brothers (Cocaine, Heroin, and Morphine)
Cocaine	Crack
Cocaine	Crack Cooler (Crack soaked in wine cooler)
Cocaine	Crank
Cocaine	Crck
Cocaine	Crib
Cocaine	Crimmie (Crack-laced tobacco cigarette)
Cocaine	Croak (Cocaine and Methamphetamine)
Cocaine	Crumbs
Cocaine	Crunch & Munch
Cocaine	Crystal
Cocaine	Cubes
Cocaine	Dama Blanca
Cocaine	Demolish
Cocaine	Devil Drug
Cocaine	Devil’s Dandruff
Cocaine	Devilsmoke
Cocaine	Dice
Cocaine	Dip
Cocaine	Dirties (Cocaine and Marijuana)
Cocaine	Dirty Basing
Cocaine	Dirty Joints (Crack and Marijuana)
Cocaine	DOA
Cocaine	Double Bubble
Cocaine	Double Rock (Crack diluted in Procaine)
Cocaine	Double Yoke
Cocaine	Draf (Cocaine, Marijuana, and MDMA)
Cocaine	Dragon Rock (Crack and Heroin)
Cocaine	Dream
Cocaine	Duct
Cocaine	Dust (Cocaine and Marijuana)
Cocaine	Dynamite (Cocaine and Heroin)
Cocaine	Eastside Player
Cocaine	Egg
Cocaine	Eightball (Crack and Heroin)
Cocaine	El Diablito (Cocaine, Marijuana, Heroin, and PCP)
Cocaine	El Diablo (Cocaine, Marijuana, and Heroin) but
Cocaine	El Perico
Cocaine	Electric Kool-Aid
Cocaine	Esnortiar
Cocaine	Ethan (Cocaine and LSD)
Cocaine	Everclear
Cocaine	Eye-Opener
Cocaine	Face
Cocaine	Famous Dimes
Cocaine	Fast White Lady
Cocaine	Fat Bags
Cocaine	Fire (Crack and Methamphetamine)
Cocaine	Fish Scales
Cocaine	Five-Way (Cocaine, Heroin, Methamphetamine, Flunitrazepam, and Alcohol)
Cocaine	Flake
Cocaine	Flamethrowers (Cocaine, Heroin, and Tobacco)
Cocaine	Flat Chunks (Crack and Benzocaine)
Cocaine	Flave
Cocaine	Fleece (Fake Cocaine)
Cocaine	Flex (Fake Crack)
Cocaine	Florida Snow
Cocaine	Foo Foo
Cocaine	Foo Foo Dust
Cocaine	Foo Foo Stuff
Cocaine	Foolish Powder
Cocaine	Freebase
Cocaine	Freeze
Cocaine	French Fries
Cocaine	Fries
Cocaine	Frisco Special (Cocaine, Heroin and LSD)
Cocaine	Frisco Speedball (Cocaine, Heroin, and LSD)
Cocaine	Gaffel (Fake Cocaine)
Cocaine	Gaffle (Fake Crack)
Cocaine	Garbage Rock
Cocaine	Geek (Crack or Cocaine and Marijuana)
Cocaine	Geek Joints (Crack or Cocaine and Marijuana)
Cocaine	Gift of the Sun
Cocaine	Gift of the Sun God
Cocaine	Gimmie (Crack and Marijuana)
Cocaine	Gin
Cocaine	Girl
Cocaine	Girlfriend
Cocaine	Glad Stuff
Cocaine	Glo
Cocaine	Gold
Cocaine	Gold Dust
Cocaine	Golf Ball
Cocaine	Goofball (Cocaine and Heroin)
Cocaine	Gravel
Cocaine	Greek (Cocaine and Marijuana)
Cocaine	Grit
Cocaine	Groceries
Cocaine	Hail
Cocaine	Half-Track
Cocaine	Hamburger Helper
Cocaine	Handlebars (Crack and Alprazolam)
Cocaine	Happy Dust
Cocaine	Happy Powder
Cocaine	Happy Trails
Cocaine	Hardball
Cocaine	Hard Candy
Cocaine	Hard Line
Cocaine	Hard Rock
Cocaine	Hard Stuff
Cocaine	Heaven
Cocaine	Heaven Dust
Cocaine	Hell
Cocaine	Hell Dust
Cocaine	Henry VIII
Cocaine	Her
Cocaine	Hit
Cocaine	Hooter
Cocaine	Hotcakes
Cocaine	How Do You Like Me Now?
Cocaine	Hubba
Cocaine	Hubbas
Cocaine	Hunter
Cocaine	I Am Back
Cocaine	Ice
Cocaine	Ice Cube
Cocaine	Icing
Cocaine	Inca Message
Cocaine	Issues
Cocaine	Jam
Cocaine	Jejo
Cocaine	Jelly
Cocaine	Jellybeans
Cocaine	Johnson
Cocaine	Joy Powder
Cocaine	Junk
Cocaine	Kangaroo
Cocaine	King
Cocaine	King’s Habit
Cocaine	Kokomo
Cocaine	Kryptonite
Cocaine	Lace (Cocaine and Marijuana)
Cocaine	Lady
Cocaine	Lady Caine
Cocaine	Lady Snow
Cocaine	Leaf
Cocaine	Line
Cocaine	Love
Cocaine	Love Affair
Cocaine	Ma’a
Cocaine	Macaroni and Cheese (Cocaine and Marijuana)
Cocaine	Mama Coca
Cocaine	Marching Dust
Cocaine	Marching Powder
Cocaine	Mayo
Cocaine	Merck
Cocaine	Merk
Cocaine	Mexican Speedballs (Crack and Methamphetamine)
Cocaine	Mighty White
Cocaine	Missile Basing (Liquid Crack and PCP)
Cocaine	Mixed Jive
Cocaine	Mo
Cocaine	Mojo
Cocaine	Monkey (Cigarette made with Cocaine paste and Tobacco)
Cocaine	Monos (Cigarette made with Cocaine paste and Tobacco)
Cocaine	Moon Rock (Crack and Heroin)
Cocaine	Mosquitos
Cocaine	Mujer
Cocaine	New Edition
Cocaine	Nieve
Cocaine	Nose
Cocaine	Nose Candy
Cocaine	Nose Powder
Cocaine	Nose Stuff
Cocaine	Nuggets
Cocaine	Number 3
Cocaine	151
Cocaine	Onion
Cocaine	Outer Limits (Crack and LSD)
Cocaine	Oyster Stew
Cocaine	Ozone (Crack, Marijuana, and PCP)
Cocaine	P-Dogs (Cocaine and Marijuana)
Cocaine	P-Funk (Crack and PCP)
Cocaine	Parachute (Smokable mixture of Crack and either PCP or Heroin)
Cocaine	Paradise
Cocaine	Paradise White
Cocaine	Pariba
Cocaine	Parlay
Cocaine	Paste
Cocaine	Patico
Cocaine	Pearl
Cocaine	Pearl Flake
Cocaine	Peebles
Cocaine	Pee-Wee
Cocaine	Perico
Cocaine	Peruvian
Cocaine	Peruvian Lady
Cocaine	Peruvian Marching Powder
Cocaine	Piece
Cocaine	Piedra
Cocaine	Piles
Cocaine	Pimp
Cocaine	Polvo Blanco
Cocaine	Pony
Cocaine	Potato Chips (Crack cut with Benzocaine)
Cocaine	Powder
Cocaine	Powder Diamonds
Cocaine	Press
Cocaine	Prime Time
Cocaine	Primo
Cocaine	Primo Turbo (Crack and Marijuana)
Cocaine	Primos (Tobacco cigarette laced with Cocaine and Heroin)
Cocaine	Product
Cocaine	Pseudocaine (Crack cut with phenylpropanolamine)
Cocaine	Purple Caps
Cocaine	Quill
Cocaine	Racehorse Charlie
Cocaine	Rails
Cocaine	Rane
Cocaine	Raw
Cocaine	Ready Rock
Cocaine	Real Tops
Cocaine	Red Caps
Cocaine	Regular P
Cocaine	Rest in Peace
Cocaine	Richard
Cocaine	Roca
Cocaine	Rock
Cocaine	Rock Attack
Cocaine	Rocks of Hell
Cocaine	Rocky III
Cocaine	Rooster
Cocaine	Rox
Cocaine	Roxanne
Cocaine	Roz
Cocaine	Rush
Cocaine	Sauce
Cocaine	Schmeck
Cocaine	Schoolboy
Cocaine	Schoolcraft
Cocaine	Scorpion
Cocaine	Scottie
Cocaine	Scotty
Cocaine	Scrabble
Cocaine	Scramble (Crack and low purity Heroin)
Cocaine	Scruples
Cocaine	Serpico 21
Cocaine	Seven Up
Cocaine	Shard
Cocaine	She
Cocaine	Sheet Rocking (Crack and LSD)
Cocaine	Sherman (Crack and Marijuana)
Cocaine	Sherms
Cocaine	Sightball
Cocaine	Sleet
Cocaine	Sleigh Ride
Cocaine	Smoke
Cocaine	Smooch
Cocaine	Sneeze
Cocaine	Sniff
Cocaine	Snow
Cocaine	Snow Coke
Cocaine	Snow White
Cocaine	Snowball (Cocaine and Heroin)
Cocaine	Snowcones
Cocaine	Society High
Cocaine	Soda
Cocaine	Soft
Cocaine	Soup
Cocaine	Space
Cocaine	Space Base (Crack dipped in PCP)
Cocaine	Space Cadet (Crack dipped in PCP)
Cocaine	Space Dust (Crack dipped in PCP)
Cocaine	Spaceball (Cocaine and PCP)
Cocaine	Speed
Cocaine	Speedball (Cocaine and Heroin)
Cocaine	Square Time Bob
Cocaine	Star
Cocaine	Stardust
Cocaine	Stones
Cocaine	Studio Fuel
Cocaine	Suff
Cocaine	Sugar
Cocaine	Sugar Block
Cocaine	Sugar Boogers
Cocaine	Swell Up
Cocaine	T
Cocaine	Talco
Cocaine	Tar (Crack and Heroin)
Cocaine	Tardust
Cocaine	Teenager
Cocaine	Teeth
Cocaine	Tension
Cocaine	Thing
Cocaine	Tio
Cocaine	Tissue
Cocaine	Toot
Cocaine	Top Gun
Cocaine	Topo
Cocaine	Tornado
Cocaine	Toss-Up
Cocaine	Tragic Magic (Crack dipped in PCP)
Cocaine	Trails
Cocaine	Troop
Cocaine	Turbo (Crack and Marijuana)
Cocaine	Turkey
Cocaine	Tweaks
Cocaine	Twenty Rock
Cocaine	Twinkie
Cocaine	Twisters (Crack and Methamphetamine)
Cocaine	Ultimate
Cocaine	Uptown
Cocaine	Uzi
Cocaine	Wave
Cocaine	Whack
Cocaine	White
Cocaine	White Ball
Cocaine	White Boy
Cocaine	White Dragon
Cocaine	White Ghost
Cocaine	White Girl
Cocaine	White Horse
Cocaine	White Mosquito
Cocaine	White Powder
Cocaine	White Sugar
Cocaine	White Tornado
Cocaine	Wings
Cocaine	Witch
Cocaine	Woolies (Cocaine/Crack sprinkled on a Tobacco or Marijuana cigarette)
Cocaine	Wrecking Crew
Cocaine	Yahoo
Cocaine	Yale
Cocaine	Yam
Cocaine	Yao
Cocaine	Yay
Cocaine	Yeolo (Crack and Marijuana)
Cocaine	Yeyo
Cocaine	Yimyom
Cocaine	Yoda
Cocaine	Yola
Cocaine	Yolo
Cocaine	Zip
Designer Drugs	Caps
Designer Drugs	Cherry Meth
Designer Drugs	Everclear
Designer Drugs	Fantasy
Designer Drugs	Firewater
Designer Drugs	G
Designer Drugs	G-rrific
Designer Drugs	Gamma Oh
Designer Drugs	Georgia Home Boy
Designer Drugs	Goop
Designer Drugs	Great Hormones at Bedtime
Designer Drugs	Grievous Bodily Harm
Designer Drugs	Jib
Designer Drugs	Liquid E
Designer Drugs	Liquid Ecstasy
Designer Drugs	Liquid G
Designer Drugs	Liquid X
Designer Drugs	Organic Quaalude
Designer Drugs	Salty Water
Designer Drugs	Scoop
Designer Drugs	Sleep
Designer Drugs	Sleep 500
Designer Drugs	Soap
Designer Drugs	Black Mamba
Designer Drugs	Fake Weed
Designer Drugs	Genie
Designer Drugs	K2
Designer Drugs	Moon Rocks
Designer Drugs	Spice
Designer Drugs	Yucatan Fire
Designer Drugs	Bath Salts
Designer Drugs	Ivory Wave
Designer Drugs	M-Cat
Designer Drugs	Meow Meow
Designer Drugs	Monkey Dust
Designer Drugs	Tweeker
Designer Drugs	Vanilla Sky
Designer Drugs	White Lightning
Designer Drugs	White Magi
Dextromethorphan	Dex
Dextromethorphan	DXM
Dextromethorphan	Robo
Dextromethorphan	Skittles
Dextromethorphan	Syrup
Dextromethorphan	Triple-C
Dextromethorphan	Tussin
Fentanyl	Apache
Fentanyl	China Girl
Fentanyl	China Town
Fentanyl	China White (Fentanyl and Heroin)
Fentanyl	Dance Fever
Fentanyl	Friend
Fentanyl	Goodfellas
Fentanyl	Great Bear
Fentanyl	He-Man
Fentanyl	Jackpot
Fentanyl	King Ivory
Fentanyl	Murder 8
Fentanyl	Perc-a-Pop (Fentanyl lozenge on a stick)
Fentanyl	N.T
Fentanyl	Tango and Cash
Heroin	8-Ball (Heroin and Cocaine)
Heroin	Aip (Heroin from Afghanistan, Iran, or Pakistan)
Heroin	Al Capone
Heroin	Antifreeze
Heroin	Aries
Heroin	Aunt Hazel
Heroin	Bad Bundle (Poor quality heroin)
Heroin	Ball
Heroin	Ballot
Heroin	Bars (Heroin and Alprazolam)
Heroin	Bart Simpson
Heroin	Batman (Heroin and Cocaine)
Heroin	Beast (Heroin and LSD)
Heroin	Belushi (Heroin and Cocaine)
Heroin	Big Doodig
Heroin	Big H
Heroin	Big Harry
Heroin	Bin Laden
Heroin	Birdie Powder
Heroin	Black Eagle
Heroin	Black Grandma
Heroin	Black Pearl
Heroin	Black Stuff
Heroin	Black Tar
Heroin	Blue Bag
Heroin	Blue Magic
Heroin	Blue Star
Heroin	Bobby Brown
Heroin	Bomb (High potency Heroin)
Heroin	Bombido
Heroin	Bombita (Heroin and Amphetamine)
Heroin	Bombs Away
Heroin	Bone (High purity Heroin)
Heroin	Boy
Heroin	Boy-Girl (Heroin and Cocaine)
Heroin	Bozo
Heroin	Brain Damage
Heroin	Brea
Heroin	Brick Gum
Heroin	Broja
Heroin	Brown
Heroin	Brown Crystal
Heroin	Brown Rhine
Heroin	Brown Sugar
Heroin	Brown Tape
Heroin	Bull Dog
Heroin	Bundle
Heroin	Butu
Heroin	Caballo
Heroin	Caca
Heroin	Calbo
Heroin	Capital H
Heroin	Caps
Heroin	Carga
Heroin	Carne
Heroin	Chapopote
Heroin	Charley
Heroin	Charlie Brown
Heroin	Chasing the Dragon (Heroin and Crack)
Heroin	Chatarra
Heroin	Cheese (Heroin and Tylenol)
Heroin	Chiba
Heroin	Chicle
Heroin	Chieva
Heroin	China Cat (High potency Heroin)
Heroin	China White (Heroin and Fentanyl)
Heroin	Chinese Red
Heroin	Chip
Heroin	Chieva
Heroin	Chiva
Heroin	Choco-fan
Heroin	Chocolate Chip Cookies (Heroin and MDMA)
Heroin	Climax
Heroin	Cocofan
Heroin	Cotics
Heroin	Cotton Brothers (Heroin, Morphine, and Cocaine)
Heroin	Courage Pills
Heroin	Crangbustin (Heroin mixed with chewing tobacco)
Heroin	Crank
Heroin	Crap—(Poor quality heroin)
Heroin	Crop—(Poor quality heroin)
Heroin	Crown Crap
Heroin	Cura
Heroin	Cut-Deck (Heroin mixed with powdered milk)
Heroin	Dead on Arrival
Heroin	Dead President
Heroin	Diesel
Heroin	Deuce
Heroin	DOA
Heroin	Dog Food
Heroin	Dogie
Heroin	Doogie
Heroin	Dooley
Heroin	Doojee
Heroin	Doosey
Heroin	Dope
Heroin	Feelgood
Heroin	Dreck
Heroin	Dugie
Heroin	Duji
Heroin	Dujra
Heroin	Dujre
Heroin	Dust (Heroin and Marijuana)
Heroin	Dynamite (Heroin and Cocaine)
Heroin	Dyno
Heroin	Dyno-Pure
Heroin	Eggs
Heroin	Eightball (Heroin and Crack)
Heroin	El Diablito (Heroin, Cocaine, Marijuana, and PCP)
Heroin	El Diablo (Heroin, Cocaine, and Marijuana)
Heroin	Estuffa
Heroin	Five-Way (Heroin, Cocaine, Methamphetamine, Flunitrazepam, and Alcohol)
Heroin	Flamethrowers (Cocaine, Heroin, and Tobacco)
Heroin	Flea Powder (Low purity Heroin)
Heroin	Foil
Heroin	Foo Foo Stuff
Heroin	Foolish Powder
Heroin	Frisco Special (Heroin, Cocaine, and LSD)
Heroin	Frisco Speedball (Heroin, Cocaine, and LSD)
Heroin	Furra
Heroin	Galloping Horse
Heroin	Gallup
Heroin	Gamot
Heroin	Garbage (Low quality Heroin)
Heroin	Gato
Heroin	George
Heroin	George Smack
Heroin	Girl
Heroin	Glacines
Heroin	Glass
Heroin	Goat
Heroin	Gold
Heroin	Golden Girl
Heroin	Golpe
Heroin	Goma (Heroin and Opium)
Heroin	Good
Heroin	Good and Plenty
Heroin	Good H
Heroin	Good Horse
Heroin	Goofball (Heroin and Cocaine)
Heroin	Gravy
Heroin	H
Heroin	H & C (Heroin and Cocaine)
Heroin	H-Bomb (Heroin and MDMA)
Heroin	H caps
Heroin	Hache
Heroin	Hairy
Heroin	Hard Candy
Heroin	Hard Stuff
Heroin	Harry
Heroin	Hayron
Heroin	Hazel
Heroin	He-She (Heroin and Cocaine)
Heroin	Heaven
Heroin	Heaven Dust
Heroin	Helen
Heroin	Hell Dust
Heroin	Henry
Heroin	Hera
Heroin	Heri
Heroin	Hero
Heroin	Hero of the Underworld
Heroin	Heroina
Heroin	Herone
Heroin	Hessle
Heroin	Him
Heroin	Holy Terror
Heroin	Hombre
Heroin	Homicide (Heroin that has been cut with strychnine or scopolamine)
Heroin	Hong-yen (Heroin pressed into pill form)
Heroin	Horse
Heroin	Horsebite
Heroin	Hot Dope
Heroin	Hot Heroin (Poisoned Heroin)
Heroin	Hrn
Heroin	Isda
Heroin	Jee Gee
Heroin	Jeeny
Heroin	Jerry Springer
Heroin	Jive
Heroin	Jive Doo Jee
Heroin	Joy Flakes
Heroin	Joy Powder
Heroin	Junco
Heroin	Junk
Heroin	Kabayo
Heroin	Karachi (Heroin, Phenobarbital, and Methaqualone)
Heroin	La Buena
Heroin	La Chiva
Heroin	Lady
Heroin	LBJ (Heroin, LSD, and PCP)
Heroin	Little Bomb
Heroin	Little Boy
Heroin	Love Boat (Blunts made with Heroin and Marijuana)
Heroin	Mac
Heroin	Manteca
Heroin	Mayo
Heroin	Mexican Mud
Heroin	Mojo
Heroin	Money Talks
Heroin	Monkey
Heroin	Moonrock (Heroin and Crack)
Heroin	Morotgara
Heroin	Mortal Kombat (High potency Heroin)
Heroin	Mud (Heroin and Opium)
Heroin	Murder One (Heroin and Cocaine)
Heroin	Murotugora
Heroin	Mustard
Heroin	Muzzle
Heroin	Nanoo
Heroin	New Jack Swing (Heroin and Morphine)
Heroin	Nice and Easy
Heroin	Nickel Deck
Heroin	Noise
Heroin	Nose
Heroin	Nose Drops (Liquid Heroin)
Heroin	Number 3
Heroin	Number 4
Heroin	Number 8
Heroin	Nurse
Heroin	Ogoy
Heroin	Oil
Heroin	Old Garbage
Heroin	Old Navy
Heroin	Old Steve
Heroin	One Way
Heroin	Orange Line
Heroin	P-Dope (Heroin that is between 20% and 30% pure)
Heroin	Pack
Heroin	Pangonadalot
Heroin	Parachute
Heroin	Parachute Down (Sequentially using Heroin and then MDMA)
Heroin	Peg
Heroin	Perfect High
Heroin	Pluto
Heroin	Poison
Heroin	Polo (Heroin and motion sickness medication)
Heroin	Polvo
Heroin	Poppy
Heroin	Poro (Heroin and PCP)
Heroin	Powder
Heroin	Predator
Heroin	Primo
Heroin	Primos (Tobacco cigarette laced with Heroin and Cocaine)
Heroin	Pullborn
Heroin	Pure
Heroin	Quill
Heroin	Racehorse Charlie
Heroin	Ragweed (Low quality Heroin)
Heroin	Rambo
Heroin	Rane
Heroin	Raw Fusion
Heroin	Rawhide
Heroin	Ready Rock
Heroin	Red Chicken
Heroin	Red Cross
Heroin	Red Devil
Heroin	Red Eagle
Heroin	Red Rock
Heroin	Red Rock Opium
Heroin	Red Rocks
Heroin	Red Rum
Heroin	Red Stuff
Heroin	Reindeer Dust
Heroin	Rhine
Heroin	Ron
Heroin	Rush Hour
Heroin	Sack
Heroin	Salt
Heroin	Sandwich (Heroin between two layers of Cocaine)
Heroin	Scag
Heroin	Scat
Heroin	Scate
Heroin	Scott
Heroin	Second to None
Heroin	Shit
Heroin	Shmeck
Heroin	Silk
Heroin	Skag
Heroin	Skid
Heroin	Skunk
Heroin	Sleeper
Heroin	Sleeper and Red Devil (Heroin and a Depressant)
Heroin	Slime
Heroin	Smack
Heroin	Smoking Gun (Heroin and Cocaine)
Heroin	Snotty
Heroin	Snow
Heroin	Speedball (Heroin and Cocaine or Ritalin)
Heroin	Spider
Heroin	Spider Blue
Heroin	Spike (Heroin cut with Scopolamine or Strychnine)
Heroin	Spoon
Heroin	Stuff
Heroin	Sweet Dreams
Heroin	Sweet Jesus
Heroin	Sweet Stuff
Heroin	N.T (Heroin and Fentanyl)
Heroin	Tar (Heroin and Crack)
Heroin	Taste
Heroin	Tecata
Heroin	Thanie
Heroin	The Beast
Heroin	The Bomb
Heroin	The Nasty
Heroin	The Witch
Heroin	Thing
Heroin	Thunder
Heroin	Tiger
Heroin	Tigre
Heroin	Tigre Blanco
Heroin	Tigre del Norte
Heroin	Tits
Heroin	Tongs
Heroin	Tootsie Roll
Heroin	Top Drool
Heroin	Train
Heroin	Twin Towers
Heroin	Vidrio
Heroin	Whack (Heroin and PCP)
Heroin	White
Heroin	White Boy
Heroin	White Dragon
Heroin	White Girl
Heroin	White Junk
Heroin	White Lady
Heroin	White Nurse
Heroin	White Stuff
Heroin	Whiz Band (Heroin and Cocaine)
Heroin	Wicked (Extremely potent Heroin)
Heroin	Wings
Heroin	Witch Hazel
Heroin	Woolie (Heroin and Marijuana)
Heroin	WTC
Heroin	Z
Heroin	Zoquete
Inhalant	Air Blast
Inhalant	Bullet Bolt
Inhalant	Climax
Inhalant	Discorama
Inhalant	Heart On
Inhalant	Hiagra in a Bottle
Inhalant	Highballs
Inhalant	Hippie Crack
Inhalant	Honey Oil
Inhalant	Huff
Inhalant	Kick
Inhalant	Medusa
Inhalant	Moon Gas
Inhalant	Oz
Inhalant	Poor Man’s Pot
Inhalant	Satan’s Secret
Inhalant	Spray
Inhalant	Toilet Water
Inhalant	Toncho
Inhalant	Aimes
Inhalant	Aimies
Inhalant	Ames
Inhalant	Amys
Inhalant	Boppers
Inhalant	Poppers
Inhalant	Liquid Incense
Inhalant	Locker Room
Inhalant	Poppers
Inhalant	Room Deodorizer
Inhalant	Aroma of Men
Inhalant	Bolt
Inhalant	Bullet
Inhalant	Climax
Inhalant	Hardware
Inhalant	Locker Room
Inhalant	Poppers
Inhalant	Quicksilver
Inhalant	Rush
Inhalant	Rush Snappers
Inhalant	Snappers
Inhalant	Buzz Bomb
Inhalant	Laughing Gas
Inhalant	Nox
Inhalant	Shoot the Breeze
Inhalant	Whippets
Inhalant	Whiteout
Ketamine	Bump
Ketamine	Cat Killer
Ketamine	Cat Valium
Ketamine	Donkey
Ketamine	Green
Ketamine	Honey Oil
Ketamine	Jet
Ketamine	Purple
Ketamine	Special K
Ketamine	Special a la Coke
Ketamine	Speedball (Ketamine and Ecstasy)
Ketamine	Super Acid
Ketamine	Super C
Ketamine	Vitamin K
Lysergic acid diethylamide	Acid
Lysergic acid diethylamide	Acid Cube (LSD on a sugar cube)
Lysergic acid diethylamide	Acido
Lysergic acid diethylamide	Aeon Flux
Lysergic acid diethylamide	Animal
Lysergic acid diethylamide	Backbreakers (LSD and Strychnine)
Lysergic acid diethylamide	Banana Split (LSD and 2C-B)
Lysergic acid diethylamide	Barrels
Lysergic acid diethylamide	Battery Acid
Lysergic acid diethylamide	Beast (LSD and Heroin)
Lysergic acid diethylamide	Beavis and Butthead
Lysergic acid diethylamide	Big D
Lysergic acid diethylamide	Birdhead
Lysergic acid diethylamide	Black Acid (LSD and PCP)
Lysergic acid diethylamide	Black Star
Lysergic acid diethylamide	Black Sunshine
Lysergic acid diethylamide	Black Tabs
Lysergic acid diethylamide	Blotter
Lysergic acid diethylamide	Blotter Acid
Lysergic acid diethylamide	Blotter Cube
Lysergic acid diethylamide	Blue Acid
Lysergic acid diethylamide	Blue Barrels
Lysergic acid diethylamide	Blue Chairs
Lysergic acid diethylamide	Blue Cheers
Lysergic acid diethylamide	Blue Heaven
Lysergic acid diethylamide	Blue Microdot
Lysergic acid diethylamide	Blue Mist
Lysergic acid diethylamide	Blue Moons
Lysergic acid diethylamide	Blue Vials
Lysergic acid diethylamide	Book
Lysergic acid diethylamide	Boomers
Lysergic acid diethylamide	Brown Bombers
Lysergic acid diethylamide	Brown Dots
Lysergic acid diethylamide	California Sunshine
Lysergic acid diethylamide	Candy Flipping on a String—LSD, MDMA and Cocaine
Lysergic acid diethylamide	Cap
Lysergic acid diethylamide	Chief
Lysergic acid diethylamide	Chocolate Chips
Lysergic acid diethylamide	Cid
Lysergic acid diethylamide	Coffee
Lysergic acid diethylamide	Comic Book
Lysergic acid diethylamide	Conductor
Lysergic acid diethylamide	Contact Lens
Lysergic acid diethylamide	Crackers
Lysergic acid diethylamide	Crystal Tea
Lysergic acid diethylamide	Cubes
Lysergic acid diethylamide	Cupcakes
Lysergic acid diethylamide	D
Lysergic acid diethylamide	Deeda
Lysergic acid diethylamide	Domes
Lysergic acid diethylamide	Dose
Lysergic acid diethylamide	Doses
Lysergic acid diethylamide	Dosure
Lysergic acid diethylamide	Dots
Lysergic acid diethylamide	Double Dome
Lysergic acid diethylamide	Electric Kool-Aid
Lysergic acid diethylamide	Elvis
Lysergic acid diethylamide	Ethan (LSD and Cocaine)
Lysergic acid diethylamide	Felix the Cat
Lysergic acid diethylamide	Fields
Lysergic acid diethylamide	Flash
Lysergic acid diethylamide	Flat Blues
Lysergic acid diethylamide	Frisco Special (LSD, Cocaine, and Heroin)
Lysergic acid diethylamide	Frisco Speedball (LSD, Cocaine, and Heroin)
Lysergic acid diethylamide	God’s Flesh
Lysergic acid diethylamide	Golden Dragon
Lysergic acid diethylamide	Goofy’s
Lysergic acid diethylamide	Grape Parfait
Lysergic acid diethylamide	Green Double Domes
Lysergic acid diethylamide	Green Single Dome
Lysergic acid diethylamide	Green Wedge
Lysergic acid diethylamide	Grey Shields
Lysergic acid diethylamide	Hats
Lysergic acid diethylamide	Hawaiian Sunshine
Lysergic acid diethylamide	Hawk
Lysergic acid diethylamide	Haze
Lysergic acid diethylamide	Headlight
Lysergic acid diethylamide	Heavenly Blue
Lysergic acid diethylamide	Instant Zen
Lysergic acid diethylamide	L
Lysergic acid diethylamide	Lason Sa Daga
Lysergic acid diethylamide	LBJ (LSD, Heroin, and PCP)
Lysergic acid diethylamide	Lens
Lysergic acid diethylamide	Lime Acid
Lysergic acid diethylamide	Little Smoke
Lysergic acid diethylamide	Logor
Lysergic acid diethylamide	Loony Toons
Lysergic acid diethylamide	Lucy
Lysergic acid diethylamide	Lucy in the Sky with Diamonds
Lysergic acid diethylamide	Mellow Yellow
Lysergic acid diethylamide	Mickeys
Lysergic acid diethylamide	Microdot
Lysergic acid diethylamide	Pink Robots
Lysergic acid diethylamide	Pink Wedges
Lysergic acid diethylamide	Pink Witches
Lysergic acid diethylamide	Potato
Lysergic acid diethylamide	Pure Love
Lysergic acid diethylamide	Purple Barrels
Lysergic acid diethylamide	Purple Flats
Lysergic acid diethylamide	Purple Gel Tabs
Lysergic acid diethylamide	Purple Haze
Lysergic acid diethylamide	Purple Hearts
Lysergic acid diethylamide	Purple Ozoline
Lysergic acid diethylamide	Rainbow
Lysergic acid diethylamide	Recycle
Lysergic acid diethylamide	Red Lips
Lysergic acid diethylamide	Royal Blues
Lysergic acid diethylamide	Russian Sickles
Lysergic acid diethylamide	Tabs
Lysergic acid diethylamide	Tail Lights
Lysergic acid diethylamide	Ten Pack
Lysergic acid diethylamide	The Ghost
Lysergic acid diethylamide	The Hawk
Lysergic acid diethylamide	Ticket
Lysergic acid diethylamide	Timothy Leary
Lysergic acid diethylamide	Troll (LSD and MDMA)
Lysergic acid diethylamide	Twenty-Five
Lysergic acid diethylamide	Tyler Berry (LSD and Gasoline)
Lysergic acid diethylamide	Vodka Acid
Lysergic acid diethylamide	Watercolors
Lysergic acid diethylamide	Yellow
Lysergic acid diethylamide	Yellow Dimples
Lysergic acid diethylamide	Yellow Sunshine
Lysergic acid diethylamide	Ying Yang
Lysergic acid diethylamide	Zen
Lysergic acid diethylamide	Zig Zag Man
marijuana seed extract	420
marijuana seed extract	AAA (Marijuana from British Columbia)
marijuana seed extract	A-Bomb (Marijuana and Heroin or Opium)
marijuana seed extract	Acapulco Gold
marijuana seed extract	Acapulco Red
marijuana seed extract	Ace
marijuana seed extract	Afghani Indica
marijuana seed extract	African
marijuana seed extract	African Black
marijuana seed extract	African Bush
marijuana seed extract	African Woodbine
marijuana seed extract	Airplane
marijuana seed extract	Alice B. Toklas (Marijuana Brownie)
marijuana seed extract	Amp Joint (Marijuana and Narcotics)
marijuana seed extract	Angola
marijuana seed extract	Ashes
marijuana seed extract	Assassin of Youth
marijuana seed extract	Astro Turf
marijuana seed extract	Atom Bomb (Marijuana and Heroin)
marijuana seed extract	Atshitshi
marijuana seed extract	Aunt Mary
marijuana seed extract	B-40 (Marijuana cigar dipped in malt liquor)
marijuana seed extract	Baby
marijuana seed extract	Baby Bhang
marijuana seed extract	Babysitter
marijuana seed extract	Bad Seed (Marijuana with Peyote or Heroin)
marijuana seed extract	Bale
marijuana seed extract	Bamba
marijuana seed extract	Bambalacha
marijuana seed extract	Bammies (Poor quality marijuana)
marijuana seed extract	Bammy
marijuana seed extract	Banano (Marijuana and Cocaine)
marijuana seed extract	Bar
marijuana seed extract	Barnyard Hay (Poor quality marijuana)
marijuana seed extract	Bash
marijuana seed extract	Basuco (Marijuana with Cocaine paste)
marijuana seed extract	Bazooka (Marijuana with Cocaine paste)
marijuana seed extract	BC Bud (High quality marijuana from Canada)
marijuana seed extract	Belyando Spruce
marijuana seed extract	Bhang
marijuana seed extract	Black
marijuana seed extract	Black Bart
marijuana seed extract	Black Ganga
marijuana seed extract	Black Gold (High potency Marijuana)
marijuana seed extract	Black Gungi (Marijuana from India)
marijuana seed extract	Black Gunion
marijuana seed extract	Black Hash (Hashish and Opium)
marijuana seed extract	Black Mo/Moat (High potency Marijuana)
marijuana seed extract	Black Mote (Marijuana and Honey)
marijuana seed extract	Black Russian (Hashish and Opium)
marijuana seed extract	Blanket
marijuana seed extract	Block
marijuana seed extract	Blonde
marijuana seed extract	Blue de Hue (Marijuana from Vietnam)
marijuana seed extract	Blue Sage
marijuana seed extract	Blue Sky Blonde (High potency Marijuana from Columbia)
marijuana seed extract	Blunt (Marijuana in a cigar)
marijuana seed extract	Bo
marijuana seed extract	Bo-bo
marijuana seed extract	Bob Hope
marijuana seed extract	Bobo Bush
marijuana seed extract	Bohd
marijuana seed extract	Bomber
marijuana seed extract	Bone
marijuana seed extract	Boo
marijuana seed extract	Boo Boo Bama
marijuana seed extract	Boom
marijuana seed extract	Broccoli
marijuana seed extract	Brown
marijuana seed extract	Bubble Gum (Marijuana from Tennessee)
marijuana seed extract	Bud
marijuana seed extract	Buda (Marijuana and Crack)
marijuana seed extract	Buddha (Marijuana and Opium)
marijuana seed extract	Bulladine
marijuana seed extract	Bullyon
marijuana seed extract	Burnie
marijuana seed extract	Bush
marijuana seed extract	Butter
marijuana seed extract	Butter Flower
marijuana seed extract	S.
marijuana seed extract	Cam Trip (High potency Marijuana)
marijuana seed extract	Cambodian Red (Marijuana from Cambodia)
marijuana seed extract	Can
marijuana seed extract	Canade (Marijuana and Heroin)
marijuana seed extract	Canadian Black
marijuana seed extract	Canamo
marijuana seed extract	Canappa
marijuana seed extract	Cancelled stick
marijuana seed extract	Candy Blunt (Marijuana cigarette dipped in cough syrup)
marijuana seed extract	Candy Sticks (Marijuana and Cocaine)
marijuana seed extract	Cannabis Tea
marijuana seed extract	Carmabis
marijuana seed extract	Cartucho (Package of Marijuana cigarettes)
marijuana seed extract	Catnip
marijuana seed extract	Caviar (Marijuana and Cocaine)
marijuana seed extract	Cavite All Star
marijuana seed extract	Cest
marijuana seed extract	Champagne (Marijuana and Cocaine)
marijuana seed extract	Charas (Marijuana from India)
marijuana seed extract	Charge
marijuana seed extract	Cheeba
marijuana seed extract	Cheeo
marijuana seed extract	Chemo
marijuana seed extract	Chiba Chiba (High potency Marijuana from Columbia)
marijuana seed extract	Chicago Black
marijuana seed extract	Chicago Green
marijuana seed extract	Chira
marijuana seed extract	Chocolate
marijuana seed extract	Chocolate Thai
marijuana seed extract	Choof
marijuana seed extract	Christmas Bud
marijuana seed extract	Christmas Tree
marijuana seed extract	Chron
marijuana seed extract	Chronic (Marijuana and Crack)
marijuana seed extract	Chunky
marijuana seed extract	Churus
marijuana seed extract	Citrol (High potency Marijuana from Nepal)
marijuana seed extract	Clicker (Marijuana dipped in formaldehyde)
marijuana seed extract	Clickums (Marijuana and PCP)
marijuana seed extract	Climb
marijuana seed extract	Cochornis
marijuana seed extract	Cocktail (Marijuana and Crack)
marijuana seed extract	Cocoa Puffs (Marijuana and Cocaine)
marijuana seed extract	Colas
marijuana seed extract	Coli
marijuana seed extract	Coliflor Tostao
marijuana seed extract	Columbian
marijuana seed extract	Colorado Cocktail
marijuana seed extract	Columbus Black
marijuana seed extract	Corn
marijuana seed extract	Cosa
marijuana seed extract	Crack Back (Marijuana and Crack)
marijuana seed extract	Crack Bash (Marijuana and Crack)
marijuana seed extract	Crazy Weed
marijuana seed extract	Crescent Roll (Marijuana and Cocaine)
marijuana seed extract	Cripple
marijuana seed extract	Cron
marijuana seed extract	Chronic
marijuana seed extract	Crying Weed
marijuana seed extract	Cryppie
marijuana seed extract	Cryptonite
marijuana seed extract	Cubes
marijuana seed extract	Culican (High potency Marijuana from Mexico)
marijuana seed extract	Dagga (Marijuana from South Africa)
marijuana seed extract	Dank
marijuana seed extract	Dawamesk
marijuana seed extract	Devil’s Bush
marijuana seed extract	Dew
marijuana seed extract	Diablito (Marijuana and Crack)
marijuana seed extract	Diambista
marijuana seed extract	Dimba (Marijuana from West Africa)
marijuana seed extract	Ding
marijuana seed extract	Dinkie Dow
marijuana seed extract	Dipped Joint (Marijuana and PCP, dipped in formaldehyde)
marijuana seed extract	Dips (Marijuana and PCP)
marijuana seed extract	Dirt Grass (Poor quality Marijuana)
marijuana seed extract	Dirties (Marijuana and Cocaine)
marijuana seed extract	Ditch
marijuana seed extract	Ditch Weed (Poor quality Marijuana)
marijuana seed extract	Djamba
marijuana seed extract	Dodo
marijuana seed extract	Dody
marijuana seed extract	Domestic (Marijuana that is locally-grown)
marijuana seed extract	Don Jem
marijuana seed extract	Don Juan
marijuana seed extract	Dona Juana
marijuana seed extract	Dona Juanita
marijuana seed extract	Donk (Marijuana and PCP)
marijuana seed extract	Doob
marijuana seed extract	Doobee
marijuana seed extract	Dooby
marijuana seed extract	Dope
marijuana seed extract	Doradilla
marijuana seed extract	Draf (Marijuana, Cocaine, and MDMA)
marijuana seed extract	Draf Weed
marijuana seed extract	Drag Weed
marijuana seed extract	Dry High
marijuana seed extract	Dubbe
marijuana seed extract	Duby
marijuana seed extract	Durong
marijuana seed extract	Duros
marijuana seed extract	Dust (Marijuana and Cocaine, Heroin, or PCP)
marijuana seed extract	Dust Blunt (Marijuana and PCP)
marijuana seed extract	Earth
marijuana seed extract	El Diablito (Marijuana, Cocaine, Heroin, and PCP)
marijuana seed extract	El Diablo (Marijuana, Cocaine, and Heroin)
marijuana seed extract	El Gallo
marijuana seed extract	Elephant
marijuana seed extract	Endo
marijuana seed extract	Esra
marijuana seed extract	Fallbrook Redhair (Marijuana from Fallbrook, California)
marijuana seed extract	Fattie
marijuana seed extract	Fatty
marijuana seed extract	Feeling
marijuana seed extract	Fern
marijuana seed extract	Fine Stuff
marijuana seed extract	Finger
marijuana seed extract	Finger Lid
marijuana seed extract	Fir
marijuana seed extract	Firewood
marijuana seed extract	Flower
marijuana seed extract	Flower Tops
marijuana seed extract	Fraho
marijuana seed extract	Frajo
marijuana seed extract	Frios (Marijuana and PCP)
marijuana seed extract	Fry (Marijuana dipped in embalming fluid)
marijuana seed extract	Fry Daddy (Marijuana and Crack)
marijuana seed extract	Fu
marijuana seed extract	Fuel (Marijuana and insecticides)
marijuana seed extract	Fuma D’Angola
marijuana seed extract	Gage
marijuana seed extract	Gallo
marijuana seed extract	Gange
marijuana seed extract	Gangster
marijuana seed extract	Ganja
marijuana seed extract	Garbage (Poor quality Marijuana)
marijuana seed extract	Gash
marijuana seed extract	Gasper
marijuana seed extract	Gasper Stick
marijuana seed extract	Gauge
marijuana seed extract	Gauge Butt
marijuana seed extract	Geek (Marijuana and Crack)
marijuana seed extract	Geek Joints (Marijuana and Crack or Cocaine)
marijuana seed extract	Ghana
marijuana seed extract	Giggle Smoke
marijuana seed extract	Giggle Weed
marijuana seed extract	Gimmie (Marijuana and Crack)
marijuana seed extract	Goblet of Jam
marijuana seed extract	Gold Star
marijuana seed extract	Golden
marijuana seed extract	Golden Leaf (Marijuana of extremely high quality)
marijuana seed extract	Gong
marijuana seed extract	Gonj
marijuana seed extract	Good Butt
marijuana seed extract	Good Giggles
marijuana seed extract	Goody-Goody
marijuana seed extract	Goof Butt
marijuana seed extract	Gorge
marijuana seed extract	Gram (Hashish)
marijuana seed extract	Grass
marijuana seed extract	Grass brownies
marijuana seed extract	Grasshopper
marijuana seed extract	Grata
marijuana seed extract	Green (Low quality marijuana)
marijuana seed extract	Green Buds
marijuana seed extract	Green Goddess
marijuana seed extract	Greeter
marijuana seed extract	Greta
marijuana seed extract	Griefo
marijuana seed extract	Griefs
marijuana seed extract	Grifa
marijuana seed extract	Griff
marijuana seed extract	Griffo
marijuana seed extract	Grizzy
marijuana seed extract	Gunga
marijuana seed extract	Gungeon
marijuana seed extract	Gungun
marijuana seed extract	Gunja
marijuana seed extract	Gyve
marijuana seed extract	Haircut
marijuana seed extract	Hanhich
marijuana seed extract	Happy Cigarette
marijuana seed extract	Happy Stick
marijuana seed extract	Harsh
marijuana seed extract	Has
marijuana seed extract	Hawaiian (Very high potency marijuana)
marijuana seed extract	Hawaiian Black
marijuana seed extract	Hawaiian Homegrown Hay
marijuana seed extract	Hay
marijuana seed extract	Hay Butt
marijuana seed extract	Headies (High quality marijuana)
marijuana seed extract	Henry
marijuana seed extract	Herb
marijuana seed extract	Herb and Al (Marijuana and Alcohol)
marijuana seed extract	Herba
marijuana seed extract	Hit
marijuana seed extract	Hocus
marijuana seed extract	Homegrown
marijuana seed extract	Honey Blunt (Cigars filled with Marijuana and sealed with Honey)
marijuana seed extract	Hooch
marijuana seed extract	Hoodie
marijuana seed extract	Hooter
marijuana seed extract	Hot Stick
marijuana seed extract	Hydro (Marijuana grown in water)
marijuana seed extract	Jamaican Gold
marijuana seed extract	Jamaican Red Hair
marijuana seed extract	Jane
marijuana seed extract	Jay
marijuana seed extract	Jay Smoke
marijuana seed extract	Jim Jones
marijuana seed extract	Jive
marijuana seed extract	Jive Stick
marijuana seed extract	Joint
marijuana seed extract	Jolly Green
marijuana seed extract	Joy Smoke
marijuana seed extract	Joy Stick (Marijuana and PCP)
marijuana seed extract	Ju-Ju
marijuana seed extract	Juan Valdez
marijuana seed extract	Juanita
marijuana seed extract	Juice Joint (Marijuana cigarette that has been sprinkled with Crack)
marijuana seed extract	Juja
marijuana seed extract	Jumbos (Marijuana and Crack)
marijuana seed extract	Kabak (Marijuana from Turkey)
marijuana seed extract	Kaff (Very potent Marijuana from the Middle East)
marijuana seed extract	Kalakit
marijuana seed extract	Kali
marijuana seed extract	Kansas Grass
marijuana seed extract	Kate Bush
marijuana seed extract	Kawaii Electric
marijuana seed extract	Kaya
marijuana seed extract	KB
marijuana seed extract	Kee
marijuana seed extract	Kentucky Blue
marijuana seed extract	Key
marijuana seed extract	KGB
marijuana seed extract	Khayf (Very potent Marijuana from the Middle East)
marijuana seed extract	Ki
marijuana seed extract	Kick Stick
marijuana seed extract	Kief (Very potent Marijuana from the Middle East)
marijuana seed extract	Kiff (Very potent Marijuana from the Middle East)
marijuana seed extract	Killer
marijuana seed extract	Killer Green Bud
marijuana seed extract	Killer Weed (Marijuana and PCP)
marijuana seed extract	Kilter
marijuana seed extract	Kind
marijuana seed extract	Kind Bud (High quality Marijuana)
marijuana seed extract	King Bud
marijuana seed extract	Kona Gold
marijuana seed extract	Krippy
marijuana seed extract	Kryptonite
marijuana seed extract	Kumba
marijuana seed extract	Kush
marijuana seed extract	L.
marijuana seed extract	Lace (Marijuana and Cocaine)
marijuana seed extract	Lakbay Diva
marijuana seed extract	Laughing Grass
marijuana seed extract	Laughing Weed
marijuana seed extract	Leaf
marijuana seed extract	Leak (Marijuana and PCP)
marijuana seed extract	Leno
marijuana seed extract	Left-Handed Cigarette
marijuana seed extract	LG
marijuana seed extract	Lid
marijuana seed extract	Light Stuff
marijuana seed extract	Lima
marijuana seed extract	Liprimo (Marijuana and Crack)
marijuana seed extract	Little Smoke
marijuana seed extract	Llesca
marijuana seed extract	Loaf
marijuana seed extract	Lobo
marijuana seed extract	Loco
marijuana seed extract	Loco Weed
marijuana seed extract	Locoweed
marijuana seed extract	Log
marijuana seed extract	Loose Shank
marijuana seed extract	Love Boat (Marijuana that has been dipped in formaldehyde or mixed with Heroin or PCP)
marijuana seed extract	Love Leaf (Marijuana and PCP)
marijuana seed extract	Love Weed
marijuana seed extract	Loveboat (Marijuana and PCP)
marijuana seed extract	Lovelies (Marijuana and PCP)
marijuana seed extract	Lubage
marijuana seed extract	M
marijuana seed extract	J.
marijuana seed extract	O.
marijuana seed extract	U.
marijuana seed extract	Macaroni
marijuana seed extract	Macaroni and Cheese (Marijuana and Cocaine)
marijuana seed extract	Machinery
marijuana seed extract	Macon
marijuana seed extract	Maconha
marijuana seed extract	Mafu
marijuana seed extract	Magic Smoke
marijuana seed extract	Manhattan Silver
marijuana seed extract	Mari
marijuana seed extract	Marimba
marijuana seed extract	Mary
marijuana seed extract	Mary and Johnny
marijuana seed extract	Mary Ann
marijuana seed extract	Mary Jane
marijuana seed extract	Mary Jonas
marijuana seed extract	Mary Warner
marijuana seed extract	Mary Weaver
marijuana seed extract	Maryjane
marijuana seed extract	Matchbox
marijuana seed extract	Maui Waui (Marijuana from Hawaii)
marijuana seed extract	Maui Wowie
marijuana seed extract	Meg
marijuana seed extract	Megg
marijuana seed extract	Meggie
marijuana seed extract	Messorole
marijuana seed extract	Mexican Brown
marijuana seed extract	Mexican Green
marijuana seed extract	Mexican Locoweed
marijuana seed extract	Mexican Red
marijuana seed extract	Mighty Muzz
marijuana seed extract	Mint
marijuana seed extract	MJ
marijuana seed extract	Mo
marijuana seed extract	Modams
marijuana seed extract	Mohasky
marijuana seed extract	Mohasty
marijuana seed extract	Monte (Marijuana from South America)
marijuana seed extract	Moocah
marijuana seed extract	Mooster
marijuana seed extract	Mootah
marijuana seed extract	Mooters
marijuana seed extract	Mootie
marijuana seed extract	Mootos
marijuana seed extract	Mor a Grifa
marijuana seed extract	Mota
marijuana seed extract	Mother
marijuana seed extract	Moto
marijuana seed extract	Mu
marijuana seed extract	Muggie
marijuana seed extract	Muggle
marijuana seed extract	Muggles
marijuana seed extract	Muta
marijuana seed extract	Mutah
marijuana seed extract	Mutha
marijuana seed extract	Nail
marijuana seed extract	Nigra
marijuana seed extract	Northern Lights (Marijuana from Canada)
marijuana seed extract	Number
marijuana seed extract	Oatmeal
marijuana seed extract	Oolies (Marijuana and Crack)
marijuana seed extract	Ozone (Marijuana, PCP, and Crack)
marijuana seed extract	P-Dogs (Marijuana and Cocaine)
marijuana seed extract	Pack
marijuana seed extract	Pack a Bowl
marijuana seed extract	Pack of Rocks
marijuana seed extract	Pakaloco
marijuana seed extract	Pakalolo
marijuana seed extract	Pakistani Black
marijuana seed extract	Panama Cut
marijuana seed extract	Panama Gold
marijuana seed extract	Panama Red
marijuana seed extract	Panatella
marijuana seed extract	Paper Blunts
marijuana seed extract	Parsley (Marijuana and PCP)
marijuana seed extract	Pasto
marijuana seed extract	Pat
marijuana seed extract	Philly Blunts
marijuana seed extract	Piff
marijuana seed extract	Pin
marijuana seed extract	Pocket Rocket
marijuana seed extract	Pod
marijuana seed extract	Poke
marijuana seed extract	Pot
marijuana seed extract	Potlikker
marijuana seed extract	Potten Bush
marijuana seed extract	Premos (Marijuana and Crack)
marijuana seed extract	Prescription
marijuana seed extract	Pretendica
marijuana seed extract	Pretendo
marijuana seed extract	Primo (Marijuana, Cocaine, Crack, and Heroin)
marijuana seed extract	Primo Square (Marijuana and Crack)
marijuana seed extract	Purple Haze
marijuana seed extract	Queen Ann’s Lace
marijuana seed extract	Ragweed (Low quality Marijuana)
marijuana seed extract	Railroad Weed
marijuana seed extract	Rainy Day Woman
marijuana seed extract	Rangood (Wild Marijuana)
marijuana seed extract	Rasta Weed
marijuana seed extract	Red Bud
marijuana seed extract	Red Cross
marijuana seed extract	Red Dirt
marijuana seed extract	Reefer
marijuana seed extract	Reggie
marijuana seed extract	Righteous Bush
marijuana seed extract	Rip
marijuana seed extract	Roach
marijuana seed extract	Roacha
marijuana seed extract	Rockets
marijuana seed extract	Rompums (Marijuana and horse tranquilizers)
marijuana seed extract	Root
marijuana seed extract	Rope
marijuana seed extract	Rose Marie
marijuana seed extract	Rough Stuff
marijuana seed extract	Rubia
marijuana seed extract	Rugs
marijuana seed extract	Sand and Pepper
marijuana seed extract	Santa Marta
marijuana seed extract	Schwagg
marijuana seed extract	Scissors
marijuana seed extract	Scrub
marijuana seed extract	Seeds
marijuana seed extract	Sen
marijuana seed extract	Sess
marijuana seed extract	Sezz
marijuana seed extract	Shake
marijuana seed extract	Shnizzlefritz
marijuana seed extract	Shrubs
marijuana seed extract	Siddi
marijuana seed extract	Sinse
marijuana seed extract	Sinsemilla (High potency variety of Marijuana)
marijuana seed extract	Skunk
marijuana seed extract	Skunkweed
marijuana seed extract	Smoke
marijuana seed extract	Smoke a Bowl
marijuana seed extract	Smoke Canada
marijuana seed extract	Snop
marijuana seed extract	Speedboat (Marijuana, PCP, and Crack)
marijuana seed extract	Spliff
marijuana seed extract	Splim
marijuana seed extract	Square Mackerel
marijuana seed extract	Squirrel (Marijuana, PCP, and Crack)
marijuana seed extract	Stack
marijuana seed extract	Stems
marijuana seed extract	Stick
marijuana seed extract	Sticky Icky
marijuana seed extract	Stink Weed
marijuana seed extract	Stoney Weed
marijuana seed extract	Straw
marijuana seed extract	Sugar Weed
marijuana seed extract	Super Grass (Marijuana and PCP)
marijuana seed extract	Super Pot
marijuana seed extract	Swag
marijuana seed extract	Sweet Lucy
marijuana seed extract	Swishers
marijuana seed extract	Syrup (Marijuana and cough syrup)
marijuana seed extract	Taima
marijuana seed extract	Takkouri
marijuana seed extract	Tea
marijuana seed extract	Tex-Mex
marijuana seed extract	Thai Sticks (Marijuana soaked in Hashish oil)
marijuana seed extract	Thrupence Bag
marijuana seed extract	Thumb
marijuana seed extract	Tio (Marijuana and Cocaine)
marijuana seed extract	Torch
marijuana seed extract	Torpedo (Marijuana and Crack)
marijuana seed extract	Trauma
marijuana seed extract	Trees
marijuana seed extract	Triple A (Marijuana from British Columbia)
marijuana seed extract	Turbo (Marijuana and Crack)
marijuana seed extract	Tustin
marijuana seed extract	Twist
marijuana seed extract	Twistum
marijuana seed extract	Unotque
marijuana seed extract	Viper’s Weed
marijuana seed extract	Wac (Marijuana and PCP)
marijuana seed extract	Wacky Weed
marijuana seed extract	Water
marijuana seed extract	Water-Water (Marijuana cigarettes dipped in formaldehyde and sometimes PCP)
marijuana seed extract	Weed
marijuana seed extract	Weed Tea
marijuana seed extract	Wet (Marijuana cigarettes soaked in PCP and then dried)
marijuana seed extract	Wet Sticks (Marijuana with PCP and formaldehyde)
marijuana seed extract	Whack (Marijuana an insecticides)
marijuana seed extract	Whackatabacky
marijuana seed extract	Wheat
marijuana seed extract	White Russian
marijuana seed extract	White-Haired Lady
marijuana seed extract	Wicky (Marijuana, PCP, and Cocaine)
marijuana seed extract	Wicky Stick (Marijuana, PCP, and Crack)
marijuana seed extract	Wollie (Marijuana and Crack)
marijuana seed extract	Woo Blunts (Marijuana and Cocaine)
marijuana seed extract	Woola Blunt (Marijuana and Heroin)
marijuana seed extract	Woolah (Marijuana and Crack)
marijuana seed extract	Woolie (Marijuana and Crack or PCP)
marijuana seed extract	Wootie (Marijuana and Crack)
marijuana seed extract	Yeh
marijuana seed extract	Yellow Submarine
marijuana seed extract	Yen Pop
marijuana seed extract	Yeola (Marijuana and Crack)
marijuana seed extract	Yerba Mala (Marijuana and PCP)
marijuana seed extract	Yerhia
marijuana seed extract	Yesca
marijuana seed extract	Yesco
marijuana seed extract	Zacatecas Purple (Marijuana from Mexico)
marijuana seed extract	Zambi
marijuana seed extract	Zay
marijuana seed extract	Zig Zag Man
marijuana seed extract	Zol
marijuana seed extract	Zoom (Marijuana and PCP)
MDMA	10s
MDMA	19
MDMA	Adam
MDMA	B-Bombs
MDMA	Batmans
MDMA	Bean
MDMA	Beanies
MDMA	Bens
MDMA	Bermuda Triangles
MDMA	Bibs
MDMA	Bickie
MDMA	Blue Kisses
MDMA	Blue Lips
MDMA	Blue Nile
MDMA	Bump Up (MDMA and Cocaine)
MDMA	Candy Flipping on a String (MDMA, LSD, and Cocaine)
MDMA	Care Bears
MDMA	Cat in the Hat
MDMA	Charity
MDMA	Chocolate Chip Cookies (MDMA and Heroin or Methadone)
MDMA	Chrystal Methadrine
MDMA	Clarity
MDMA	Cloud 9
MDMA	Cristal
MDMA	Dead Road
MDMA	Debs
MDMA	Decadence
MDMA	Dex
MDMA	Dexedrine
MDMA	Dexies
MDMA	Diamonds
MDMA	Disco Biscuits
MDMA	Doctor
MDMA	Dolls
MDMA	Draf (MDMA, Cocaine, and Marijuana)
MDMA	Drivers
MDMA	E
MDMA	E-Bombs
MDMA	Eccy
MDMA	Ecstasy
MDMA	Egyptians
MDMA	Elephant Flipping (MDMA and PCP)
MDMA	Elephants
MDMA	Es
MDMA	Essence
MDMA	Eve
MDMA	Ex
MDMA	Exiticity
MDMA	Flipping
MDMA	Flower Flipping (MDMA and Mushrooms)
MDMA	Four-Leaf Clover
MDMA	Gaggler
MDMA	Go
MDMA	Green Triangles
MDMA	Greenies
MDMA	Gum
MDMA	Gwm
MDMA	Hammerheading (MDMA and Viagra)
MDMA	Iboga
MDMA	Ice
MDMA	Igloo
MDMA	Jerry Garcias
MDMA	Khat
MDMA	Kitty Flipping (MDMA and Ketamine)
MDMA	Kleenex
MDMA	Letter Biscuits
MDMA	Love Drug
MDMA	Love Flipping (MDMA and Mescaline)
MDMA	Love Trip (MDMA and Mescaline)
MDMA	Lover’s Speed
MDMA	Lover’s Special
MDMA	Mao
MDMA	MDM
MDMA	Mercedes
MDMA	Methedrine
MDMA	Mini Beans
MDMA	Mitsubishi
MDMA	Molly
MDMA	Monoamine Oxidase
MDMA	Moonstone (MDMA and Heroin)
MDMA	Morning Shot
MDMA	Nexus Flipping (MDMA and 2C-B)
MDMA	Nox (MDMA and Nitrous Oxide)
MDMA	On the Ball (MDMA and Heroin)
MDMA	Orange Bandits
MDMA	P and P (MDMA and Viagra)
MDMA	Parachute Down (Using MDMA after Heroin)
MDMA	Party and Play (MDMA and Viagra)
MDMA	Party Pack (MDMA and 2C-B)
MDMA	Peace
MDMA	Piggybacking (Sequential use of more than one MDMA tablet)
MDMA	Pink Panthers
MDMA	Playboy Bunnies
MDMA	Playboys
MDMA	Pollutants
MDMA	Rave Energy
MDMA	Red Devils
MDMA	Rib
MDMA	Ritual Spirit
MDMA	Roca
MDMA	Rolling
MDMA	Rolls Royce
MDMA	Running
MDMA	Scooby Snacks
MDMA	Shabu
MDMA	Slammin’
MDMA	Smurfs
MDMA	Snackies (MDMA and Mescaline)
MDMA	Speed for Lovers
MDMA	Speedies
MDMA	Spivias
MDMA	Stacking (3 or more MDMA tablets)
MDMA	Stacks (MDMA and Heroin or Crack)
MDMA	Stars
MDMA	Strawberry Shortcake
MDMA	Super X (MDMA and Methamphetamine)
MDMA	Supermans
MDMA	Swans
MDMA	Swedge
MDMA	Sweeties
MDMA	Tabs
MDMA	Thizz
MDMA	Tom and Jerries
MDMA	Triple Crowns
MDMA	Triple Rolexes
MDMA	Triple Stacks
MDMA	Troll (MDMA and LSD)
MDMA	Tutus
MDMA	Tweety Birds
MDMA	S.P.
MDMA	Ultimate Xphoria
MDMA	Waffle Dust (MDMA and Amphetamine)
MDMA	West Coast Turnarounds
MDMA	Wheels
MDMA	Whiffle Dust
MDMA	White Diamonds
MDMA	Wigits
MDMA	X
MDMA	X-ing
MDMA	X Pills
MDMA	XTC
Methamphetamine	Bathtub Crank (Poor quality methamphetamine)
Methamphetamine	Batu
Methamphetamine	Biker’s Coffee (Methamphetamine and coffee)
Methamphetamine	Black
Methamphetamine	Black Beauty
Methamphetamine	Blade
Methamphetamine	Bling Bling
Methamphetamine	Blue Devils
Methamphetamine	Blue Ice
Methamphetamine	Blue Meth
Methamphetamine	Boo
Methamphetamine	Brown
Methamphetamine	Bump
Methamphetamine	Chalk
Methamphetamine	Cheese
Methamphetamine	Chicken Feed
Methamphetamine	Christmas Tree Meth (Green-colored Methamphetamine made using Drano Crystals)
Methamphetamine	Chrome
Methamphetamine	Cinnamon
Methamphetamine	Clear
Methamphetamine	Cousin Tina
Methamphetamine	Cr
Methamphetamine	Crank
Methamphetamine	Cringe
Methamphetamine	Crink
Methamphetamine	Cris
Methamphetamine	Cristina
Methamphetamine	Cristy
Methamphetamine	Croak (Methamphetamine and Cocaine)
Methamphetamine	Crossles
Methamphetamine	Crypto
Methamphetamine	Crystal
Methamphetamine	Crystal Glass
Methamphetamine	Crystal Meth
Methamphetamine	Desocsins
Methamphetamine	Desogtions
Methamphetamine	Dope
Methamphetamine	Elbows
Methamphetamine	Fast
Methamphetamine	Fire (Methamphetamine and Crack)
Methamphetamine	Five-Way (Methamphetamine, Cocaine, Heroin, Flunitrazepam, and Alcohol)
Methamphetamine	Geep
Methamphetamine	Geeter
Methamphetamine	Getgo
Methamphetamine	Glass
Methamphetamine	Go Fast
Methamphetamine	Granulated Orange
Methamphetamine	Half Elbows
Methamphetamine	Hanya
Methamphetamine	Hiropon
Methamphetamine	Holiday Meth (Methamphetamine that is green because it was manufactured using Drano crystals)
Methamphetamine	Hot Ice
Methamphetamine	Hugs and Kisses (Methamphetamine and MDMA)
Methamphetamine	Hydro (High quality Methamphetamine)
Methamphetamine	Ice
Methamphetamine	Jet Fuel (Methamphetamine and PCP)
Methamphetamine	Kaksonjae
Methamphetamine	LA Glass
Methamphetamine	LA Ice
Methamphetamine	Lemon Drop (Yellow Methamphetamine)
Methamphetamine	Lithium (Good quality Methamphetamine)
Methamphetamine	Load of Laundry
Methamphetamine	Maui Wowie
Methamphetamine	Meth
Methamphetamine	Meth Speedball (Methamphetamine and Heroin)
Methamphetamine	Methlies Quik
Methamphetamine	Mexican Crack
Methamphetamine	Mexican Speedball (Methamphetamine and Crack)
Methamphetamine	Motorcycle Crack
Methamphetamine	Nazimeth
Methamphetamine	Ozs
Methamphetamine	P and P (Methamphetamine, MDMA, and Viagra)
Methamphetamine	Party and Play (Methamphetamine, MDMA, and Viagra)
Methamphetamine	Peanut Butter
Methamphetamine	Pink
Methamphetamine	Pink Elephants
Methamphetamine	Pink Hearts
Methamphetamine	Po Coke
Methamphetamine	Poor Man’s Coke
Methamphetamine	Poppers
Methamphetamine	Quartz
Methamphetamine	Quill
Methamphetamine	Red
Methamphetamine	Redneck Cocaine
Methamphetamine	Rock
Methamphetamine	Schmiz
Methamphetamine	Scootie
Methamphetamine	Shabu (Methamphetamine and Cocaine)
Methamphetamine	Sketch
Methamphetamine	Soap
Methamphetamine	Soap Dope (Pink Methamphetamine)
Methamphetamine	Spackle
Methamphetamine	Sparkle (Shiny Methamphetamine)
Methamphetamine	Speckled Birds
Methamphetamine	Speed
Methamphetamine	Spoosh
Methamphetamine	Stove Top
Methamphetamine	Super Ice
Methamphetamine	Super X (Methamphetamine and MDMA)
Methamphetamine	Tic
Methamphetamine	Tick Tick
Methamphetamine	Tina (Methamphetamine and Viagra)
Methamphetamine	Trash
Methamphetamine	Tweak
Methamphetamine	Tweek
Methamphetamine	Twisters (Methamphetamine and Crack)
Methamphetamine	Wash
Methamphetamine	Water
Methamphetamine	Wet
Methamphetamine	White Cross
Methamphetamine	Work
Methamphetamine	Working Man’s Cocaine
Methamphetamine	Ya Ba (Extremely powerful Methamphetamine from Thailand)
Methamphetamine	Yellow Bam
Methamphetamine	Yellow Jackets
Methamphetamine	Yellow Powder
Methamphetamine	Zip
Methcathinone	Bathtub Speed
Methcathinone	Cadillac Express
Methcathinone	Cat
Methcathinone	Crank
Methcathinone	Ephedrone
Methcathinone	Gagers
Methcathinone	Gaggers
Methcathinone	Go Fast
Methcathinone	Goob
Methcathinone	Intash
Methcathinone	Jeff
Methcathinone	Khat
Methcathinone	M-Cat
Methcathinone	Qat
Methcathinone	Slick Superspeed
Methcathinone	Sniff
Methcathinone	Somali Tea
Methcathinone	Star
Methcathinone	Stat
Methcathinone	The C
Methcathinone	Tweeker
Methcathinone	Wildcat (Methcathinone and Cocaine)
Methcathinone	Wonder Star
Opioid Painkillers	AC/DC
Opioid Painkillers	Barr
Opioid Painkiller	Captain Cody
Opioid Painkiller	Coties
Opioid Painkiller	Down
Opioid Painkiller	Karo
Opioid Painkiller	Lean
Opioid Painkiller	Nods
Opioid Painkiller	Pancakes and Syrup (Codeine and Glutethimide)
Opioid Painkiller	Purple Drank
Opioid Painkiller	Schoolboy
Opioid Painkiller	Sizzurp
Opioid Painkiller	Syrup
Opioid Painkiller	357s
Opioid Painkiller	387s
Opioid Painkiller	Hydros
Opioid Painkiller	Lorries
Opioid Painkiller	Tabs
Opioid Painkiller	Vics
Opioid Painkiller	Vicos
Opioid Painkiller	Vikes
Opioid Painkiller	Watsons
Opioid Painkiller	Amidone
Opioid Painkiller	Chocolate Chip Cookies (Methadone and MDMA)
Opioid Painkiller	Done
Opioid Painkiller	Fizzies
Opioid Painkiller	Auntie
Opioid Painkiller	Auntie Emma
Opioid Painkiller	Black
Opioid Painkiller	Cotton Brothers (Morphine, Heroin, and Cocaine)
Opioid Painkiller	First Line
Opioid Painkiller	God’s Drug
Opioid Painkiller	Hows
Opioid Painkiller	M
Opioid Painkiller	Miss Emma
Opioid Painkiller	Mister Blue
Opioid Painkiller	Morf
Opioid Painkiller	MS
Opioid Painkiller	New Jack Swing (Morphine and Heroin)
Opioid Painkiller	Unkie
Opioid Painkiller	20s
Opioid Painkiller	40s
Opioid Painkiller	80s
Opioid Painkiller	Blue
Opioid Painkiller	Cotton
Opioid Painkiller	Hillbily Heroin
Opioid Painkiller	Kickers
Opioid Painkiller	Killers
Opioid Painkiller	Os
Opioid Painkiller	OCs
Opioid Painkiller	Oceans
Opioid Painkiller	Ocean Cities
Opioid Painkiller	Orange County
Opioid Painkiller	Ox
Opioid Painkiller	Oxy
Opioid Painkiller	Oxycoffins
Opioid Painkiller	Percs
Opioid Painkiller	Perks
Opioid Painkiller	Rushbos
Opioid Painkiller	Tomater
Opioid Painkiller	Ah-Pen-Yen
Opioid Painkiller	Big O
Opioid Painkiller	Black Hash (Opium and Hashish)
Opioid Painkiller	Black Pill
Opioid Painkiller	Black Russian (Opium and Hashish)
Opioid Painkiller	Black Stuff
Opioid Painkiller	Chandoo
Opioid Painkiller	Chandu
Opioid Painkiller	Chinese Molasses
Opioid Painkiller	Chinese Tobacco
Opioid Painkiller	Chocolate
Opioid Painkiller	Cruz (Opium from Veracruz, Mexico)
Opioid Painkiller	Dopium
Opioid Painkiller	Dover’s Deck
Opioid Painkiller	Dover’s Power
Opioid Painkiller	Dream Gum
Opioid Painkiller	Dream Stick
Opioid Painkiller	Dreams
Opioid Painkiller	Easing Powder
Opioid Painkiller	Emsel
Opioid Painkiller	Fi-Do-Nie
Opioid Painkiller	Fireflower
Opioid Painkiller	God’s Medicine
Opioid Painkiller	Goma (Opium and Heroin)
Opioid Painkiller	Gondola
Opioid Painkiller	Goric
Opioid Painkiller	Toxy
Opioid Painkiller	Toys
Phencyclidine	Amoeba
Phencyclidine	Angel
Phencyclidine	Angel Dust
Phencyclidine	Angel Hair
Phencyclidine	Angel Mist
Phencyclidine	Angel Poke
Phencyclidine	Angel Powder
Phencyclidine	Animal Trank/Tranq/Tranquilizer
Phencyclidine	Aurora Borealis
Phencyclidine	Beam Me Up Scottie (PCP and Cocaine)
Phencyclidine	Belladonna
Phencyclidine	Black Acid (PCP and LSD)
Phencyclidine	Black Dust
Phencyclidine	Black Whack
Phencyclidine	Blue Madman
Phencyclidine	Boat
Phencyclidine	Bohd
Phencyclidine	Bush
Phencyclidine	Busy Bee
Phencyclidine	Butt Naked
Phencyclidine	Cadillac
Phencyclidine	Canabinol
Phencyclidine	Cigarrode Cristal
Phencyclidine	CJ
Phencyclidine	Clicker (PCP and Crack)
Phencyclidine	Clickums (PCP and Marijuana)
Phencyclidine	Cliffhanger
Phencyclidine	Columbo
Phencyclidine	Cozmo’s
Phencyclidine	Crazy Coke
Phencyclidine	Crazy Eddie
Phencyclidine	Crystal
Phencyclidine	Crystal Joint
Phencyclidine	Crystal T
Phencyclidine	Cycline
Phencyclidine	Cyclones
Phencyclidine	D
Phencyclidine	Detroit Pink
Phencyclidine	Devil’s Dust
Phencyclidine	Dipped Joints (PCP and Marijuana, dipped in formaldehyde)
Phencyclidine	Dipper
Phencyclidine	Dips (PCP-dipped Marijuana cigarettes)
Phencyclidine	DMT
Phencyclidine	Do It Jack
Phencyclidine	DOA
Phencyclidine	Domex (PCP and MDMA)
Phencyclidine	Donk (PCP and Marijuana)
Phencyclidine	Drink
Phencyclidine	Dummy Dust
Phencyclidine	Dust (PCP and Marijuana)
Phencyclidine	Dust Blunt (PCP and Marijuana)
Phencyclidine	Dust Joint
Phencyclidine	Dust of Angels
Phencyclidine	Dusted Parsley
Phencyclidine	El Diablito (PCP, Marijuana, Cocaine, and Heroin)
Phencyclidine	Elephant Flipping (PCP and MDMA)
Phencyclidine	Elephant Trank
Phencyclidine	Elephant Tranquilizer
Phencyclidine	Embalming Fluid
Phencyclidine	Energizer
Phencyclidine	Erth
Phencyclidine	Fake STP
Phencyclidine	Flakes
Phencyclidine	Fresh
Phencyclidine	Frios (PCP and Marijuana)
Phencyclidine	Fuel
Phencyclidine	Good
Phencyclidine	Goon
Phencyclidine	Goon Dust
Phencyclidine	Gorilla Biscuits
Phencyclidine	Gorilla Tab
Phencyclidine	LBJ (PCP, LSD, and Heroin)
Psychedelics	Amt (Dimethyltryptamine)
Psychedelics	Banana Split (2C-B and LSD)
Psychedelics	Bdmpea (2C-B)
Psychedelics	Beans (Mescaline)
Psychedelics	Buttons (Mescaline)
Psychedelics	Blue Caps (Mescaline)
Psychedelics	Boom (Mushrooms)
Psychedelics	Boomers (Mushrooms)
Psychedelics	Britton (Peyote)
Psychedelics	Bromo (2C-B)
Psychedelics	Businessman’s LSD/Special/Trip (Dimethyltryptamine)
Psychedelics	Cactus (Mescaline)
Psychedelics	Cactus Buttons (Mescaline)
Psychedelics	Cactus Head (Mescaline)
Psychedelics	Caps (Psilocybin)
Psychedelics	Chief (Mescaline)
Psychedelics	Det (Dimethyltryptamine)
Psychedelics	DMT (Dimethyltryptamine)
Psychedelics	Et (Etryptamine)
Psychedelics	Fantasia (Dimethyltryptamine)
Psychedelics	God’s Flesh (Mushrooms)
Psychedelics	Hickori (Peyote)
Psychedelics	Hikuli (Peyote)
Psychedelics	Hyatari (Peyote)
Psychedelics	Love Flipping (Mescaline and MDMA)
Psychedelics	Love Trip (Mescaline and MDMA)
Psychedelics	Mesc (Mescaline)
Psychedelics	Mescal (Mescaline)
Psychedelics	Mese (Mescaline)
Psychedelics	Mezc (Mescaline)
Psychedelics	Moon (Mescaline)
Psychedelics	Nexus (2C-B)
Psychedelics	Nexus Flipping (2C-B and MDMA)
Psychedelics	Nubs (Peyote)
Psychedelics	Snackies (Mescaline and MDMA)
Psychedelics	Topi
Flunitrazepam	Circles
Flunitrazepam	Date Rape Drug
Flunitrazepam	Five-Way (Rohypnol, Methamphetamine, Cocaine, Heroin, and Alcohol)
Flunitrazepam	Forget-Me Drug
Flunitrazepam	Forget-Me Pill
Flunitrazepam	Forget Pill
Flunitrazepam	La Rocha
Flunitrazepam	Lunch Money Drug
Flunitrazepam	Mexican Valium
Flunitrazepam	Pingus
Flunitrazepam	R-2
Flunitrazepam	Reynolds
Flunitrazepam	Rib
Flunitrazepam	Roach 2
Flunitrazepam	Roaches
Flunitrazepam	Roachies
Flunitrazepam	Ropies
Flunitrazepam	Robutal
Flunitrazepam	Rochas Dos
Flunitrazepam	Roche
Flunitrazepam	Roofies
Flunitrazepam	Rope
Flunitrazepam	Rophies
Flunitrazepam	Rophy
Flunitrazepam	Ropies
Flunitrazepam	Roples
Flunitrazepam	Row-Shay
Flunitrazepam	Ruffies
Flunitrazepam	Ruffles
Flunitrazepam	Wolfies
Salvia Divinorum	Diviner’s Sage
Salvia Divinorum	Magic Mint
Salvia Divinorum	Maria Pastora
Salvia Divinorum	Sage of the Diviners
Salvia Divinorum	Sally-D
Salvia Divinorum	Shepardess’ Sage
Salvia Divinorum	Seer’s Sage
Salvia Divinorum	Ska Maria Pastora
Salvia Divinorum	Yerba de la Pastora
Steroids	Abolic (Veterinary)
Steroids	Anadrol (Oral)
Steroids	Anatrofin (Injectable)
Steroids	Anavar (Oral)
Steroids	Arnolds
Steroids	Bolasterone (Injectable)
Steroids	Deca-Duabolin (Injectable)
Steroids	Delatestryl (Injectable)
Steroids	Dep-Testosterone (Injectable)
Steroids	Dianabol
Steroids	Dihydrolone (Injectable)
Steroids	Durabolin (Injectable)
Steroids	Dymethzine (Injectable)
Steroids	Enoltestovis (Injectable)
Steroids	Equipose (Veterinary)
Steroids	Finajet (Veterinary)
Steroids	Gym Candy
Steroids	Juice
Steroids	Maxibolin (Oral)
Steroids	Methatriol (Oral)
Steroids	Methyltestosterone (Oral)
Steroids	Parabolin (Oral)
Steroids	Primbolin (Injectable and Oral)
Steroids	Proviron (Oral)
Steroids	Pumpers
Steroids	Roids
Steroids	Stackers
Steroids	Sustanon 250 (Injectable)
Steroids	Therobolin (Injectable)
Steroids	Weight Trainers